{
  "Create Note" : {
    "transaction" : "Create Note",
    "sampleCount" : 30,
    "errorCount" : 0,
    "errorPct" : 0.0,
    "meanResTime" : 352.93333333333334,
    "medianResTime" : 337.0,
    "minResTime" : 285.0,
    "maxResTime" : 517.0,
    "pct1ResTime" : 447.7000000000001,
    "pct2ResTime" : 485.09999999999997,
    "pct3ResTime" : 517.0,
    "throughput" : 3.185727938834024,
    "receivedKBytesPerSec" : 2.8341778830837847,
    "sentKBytesPerSec" : 1.1448709780184771
  },
  "Delete Note" : {
    "transaction" : "Delete Note",
    "sampleCount" : 30,
    "errorCount" : 0,
    "errorPct" : 0.0,
    "meanResTime" : 359.0333333333333,
    "medianResTime" : 321.5,
    "minResTime" : 267.0,
    "maxResTime" : 566.0,
    "pct1ResTime" : 480.7000000000001,
    "pct2ResTime" : 551.6999999999999,
    "pct3ResTime" : 566.0,
    "throughput" : 3.258390355164549,
    "receivedKBytesPerSec" : 2.087406321277289,
    "sentKBytesPerSec" : 0.9609705930270446
  },
  "Total" : {
    "transaction" : "Total",
    "sampleCount" : 120,
    "errorCount" : 0,
    "errorPct" : 0.0,
    "meanResTime" : 409.74166666666656,
    "medianResTime" : 372.0,
    "minResTime" : 267.0,
    "maxResTime" : 1520.0,
    "pct1ResTime" : 565.7,
    "pct2ResTime" : 635.6499999999996,
    "pct3ResTime" : 1394.2099999999953,
    "throughput" : 10.814708002883922,
    "receivedKBytesPerSec" : 8.740480803893295,
    "sentKBytesPerSec" : 3.200055200072098
  },
  "Get Notes" : {
    "transaction" : "Get Notes",
    "sampleCount" : 30,
    "errorCount" : 0,
    "errorPct" : 0.0,
    "meanResTime" : 347.5666666666667,
    "medianResTime" : 319.0,
    "minResTime" : 277.0,
    "maxResTime" : 609.0,
    "pct1ResTime" : 408.7,
    "pct2ResTime" : 583.6999999999999,
    "pct3ResTime" : 609.0,
    "throughput" : 3.154242456103459,
    "receivedKBytesPerSec" : 2.8659249816002528,
    "sentKBytesPerSec" : 0.7854802991273263
  },
  "Login API" : {
    "transaction" : "Login API",
    "sampleCount" : 30,
    "errorCount" : 0,
    "errorPct" : 0.0,
    "meanResTime" : 579.4333333333332,
    "medianResTime" : 522.0,
    "minResTime" : 439.0,
    "maxResTime" : 1520.0,
    "pct1ResTime" : 747.7000000000002,
    "pct2ResTime" : 1190.5499999999995,
    "pct3ResTime" : 1520.0,
    "throughput" : 2.971473851030111,
    "receivedKBytesPerSec" : 2.35918773524168,
    "sentKBytesPerSec" : 0.8328251906695721
  }
}