{
  "Delete Note" : {
    "transaction" : "Delete Note",
    "sampleCount" : 30,
    "errorCount" : 30,
    "errorPct" : 100.0,
    "meanResTime" : 613.3666666666667,
    "medianResTime" : 557.5,
    "minResTime" : 488.0,
    "maxResTime" : 1123.0,
    "pct1ResTime" : 874.3000000000005,
    "pct2ResTime" : 1025.6499999999999,
    "pct3ResTime" : 1123.0,
    "throughput" : 3.1578947368421053,
    "receivedKBytesPerSec" : 2.0662006578947367,
    "sentKBytesPerSec" : 0.6969572368421053
  },
  "Total" : {
    "transaction" : "Total",
    "sampleCount" : 90,
    "errorCount" : 60,
    "errorPct" : 66.666664,
    "meanResTime" : 657.8222222222223,
    "medianResTime" : 629.0,
    "minResTime" : 405.0,
    "maxResTime" : 1240.0,
    "pct1ResTime" : 924.1000000000001,
    "pct2ResTime" : 1091.1000000000001,
    "pct3ResTime" : 1240.0,
    "throughput" : 7.921140644252773,
    "receivedKBytesPerSec" : 5.479304644868861,
    "sentKBytesPerSec" : 1.6450806416123922
  },
  "Get Notes" : {
    "transaction" : "Get Notes",
    "sampleCount" : 30,
    "errorCount" : 30,
    "errorPct" : 100.0,
    "meanResTime" : 597.5,
    "medianResTime" : 592.0,
    "minResTime" : 405.0,
    "maxResTime" : 927.0,
    "pct1ResTime" : 665.2,
    "pct2ResTime" : 785.6499999999999,
    "pct3ResTime" : 927.0,
    "throughput" : 3.1178549158179174,
    "receivedKBytesPerSec" : 2.0400027281230515,
    "sentKBytesPerSec" : 0.42017966638952403
  },
  "Login API" : {
    "transaction" : "Login API",
    "sampleCount" : 30,
    "errorCount" : 0,
    "errorPct" : 0.0,
    "meanResTime" : 762.6000000000001,
    "medianResTime" : 673.5,
    "minResTime" : 582.0,
    "maxResTime" : 1240.0,
    "pct1ResTime" : 1164.9000000000003,
    "pct2ResTime" : 1218.55,
    "pct3ResTime" : 1240.0,
    "throughput" : 2.9129041654529564,
    "receivedKBytesPerSec" : 2.233036884648995,
    "sentKBytesPerSec" : 0.7794294348965919
  }
}