{
  "Create Note" : {
    "transaction" : "Create Note",
    "sampleCount" : 30,
    "errorCount" : 0,
    "errorPct" : 0.0,
    "meanResTime" : 353.1666666666667,
    "medianResTime" : 335.5,
    "minResTime" : 278.0,
    "maxResTime" : 631.0,
    "pct1ResTime" : 491.7000000000003,
    "pct2ResTime" : 564.9999999999999,
    "pct3ResTime" : 631.0,
    "throughput" : 3.4419458467186783,
    "receivedKBytesPerSec" : 3.0621217444928868,
    "sentKBytesPerSec" : 1.236949288664525
  },
  "Delete Note" : {
    "transaction" : "Delete Note",
    "sampleCount" : 30,
    "errorCount" : 0,
    "errorPct" : 0.0,
    "meanResTime" : 344.9333333333333,
    "medianResTime" : 329.5,
    "minResTime" : 264.0,
    "maxResTime" : 539.0,
    "pct1ResTime" : 491.5000000000003,
    "pct2ResTime" : 527.4499999999999,
    "pct3ResTime" : 539.0,
    "throughput" : 3.575259206292456,
    "receivedKBytesPerSec" : 2.290400429031105,
    "sentKBytesPerSec" : 1.054422148730783
  },
  "Total" : {
    "transaction" : "Total",
    "sampleCount" : 120,
    "errorCount" : 0,
    "errorPct" : 0.0,
    "meanResTime" : 410.4916666666667,
    "medianResTime" : 353.5,
    "minResTime" : 264.0,
    "maxResTime" : 1633.0,
    "pct1ResTime" : 536.9000000000001,
    "pct2ResTime" : 666.9499999999998,
    "pct3ResTime" : 1564.5399999999975,
    "throughput" : 11.05888858169754,
    "receivedKBytesPerSec" : 8.911819043175743,
    "sentKBytesPerSec" : 3.2723078518108926
  },
  "Get Notes" : {
    "transaction" : "Get Notes",
    "sampleCount" : 30,
    "errorCount" : 0,
    "errorPct" : 0.0,
    "meanResTime" : 365.3666666666667,
    "medianResTime" : 344.5,
    "minResTime" : 267.0,
    "maxResTime" : 609.0,
    "pct1ResTime" : 511.20000000000005,
    "pct2ResTime" : 555.65,
    "pct3ResTime" : 609.0,
    "throughput" : 3.4618047542118626,
    "receivedKBytesPerSec" : 3.1128070548696054,
    "sentKBytesPerSec" : 0.8620705198476806
  },
  "Login API" : {
    "transaction" : "Login API",
    "sampleCount" : 30,
    "errorCount" : 0,
    "errorPct" : 0.0,
    "meanResTime" : 578.5,
    "medianResTime" : 467.5,
    "minResTime" : 409.0,
    "maxResTime" : 1633.0,
    "pct1ResTime" : 964.8000000000004,
    "pct2ResTime" : 1453.6999999999998,
    "pct3ResTime" : 1633.0,
    "throughput" : 3.0193236714975846,
    "receivedKBytesPerSec" : 2.397177875905797,
    "sentKBytesPerSec" : 0.8462362243357487
  }
}