{
  "Create Note" : {
    "transaction" : "Create Note",
    "sampleCount" : 30,
    "errorCount" : 0,
    "errorPct" : 0.0,
    "meanResTime" : 353.6333333333334,
    "medianResTime" : 308.5,
    "minResTime" : 282.0,
    "maxResTime" : 607.0,
    "pct1ResTime" : 505.1,
    "pct2ResTime" : 587.75,
    "pct3ResTime" : 607.0,
    "throughput" : 3.078185922429715,
    "receivedKBytesPerSec" : 2.7385032962240916,
    "sentKBytesPerSec" : 1.1062230658731786
  },
  "Delete Note" : {
    "transaction" : "Delete Note",
    "sampleCount" : 30,
    "errorCount" : 0,
    "errorPct" : 0.0,
    "meanResTime" : 398.76666666666665,
    "medianResTime" : 312.0,
    "minResTime" : 274.0,
    "maxResTime" : 885.0,
    "pct1ResTime" : 764.9000000000001,
    "pct2ResTime" : 825.05,
    "pct3ResTime" : 885.0,
    "throughput" : 3.0054097375275495,
    "receivedKBytesPerSec" : 1.9253406131035866,
    "sentKBytesPerSec" : 0.8863610749348828
  },
  "Total" : {
    "transaction" : "Total",
    "sampleCount" : 120,
    "errorCount" : 0,
    "errorPct" : 0.0,
    "meanResTime" : 610.683333333333,
    "medianResTime" : 363.0,
    "minResTime" : 265.0,
    "maxResTime" : 9455.0,
    "pct1ResTime" : 836.3000000000004,
    "pct2ResTime" : 1688.4999999999973,
    "pct3ResTime" : 8437.549999999961,
    "throughput" : 9.72762645914397,
    "receivedKBytesPerSec" : 7.815824872324902,
    "sentKBytesPerSec" : 2.878389469844358
  },
  "Get Notes" : {
    "transaction" : "Get Notes",
    "sampleCount" : 30,
    "errorCount" : 0,
    "errorPct" : 0.0,
    "meanResTime" : 402.56666666666666,
    "medianResTime" : 328.5,
    "minResTime" : 265.0,
    "maxResTime" : 843.0,
    "pct1ResTime" : 682.5000000000002,
    "pct2ResTime" : 788.55,
    "pct3ResTime" : 843.0,
    "throughput" : 3.1014163134498087,
    "receivedKBytesPerSec" : 2.7591701772976327,
    "sentKBytesPerSec" : 0.7723253514938488
  },
  "Login API" : {
    "transaction" : "Login API",
    "sampleCount" : 30,
    "errorCount" : 0,
    "errorPct" : 0.0,
    "meanResTime" : 1287.7666666666669,
    "medianResTime" : 576.5,
    "minResTime" : 427.0,
    "maxResTime" : 9455.0,
    "pct1ResTime" : 3363.2000000000025,
    "pct2ResTime" : 6790.249999999996,
    "pct3ResTime" : 9455.0,
    "throughput" : 2.7144408251900107,
    "receivedKBytesPerSec" : 2.155117569218241,
    "sentKBytesPerSec" : 0.7607856609663409
  }
}